Chana Devorah Feldman,Chana,Devorah Feldman
Crystal Locke England,Crystal,Locke England
Sarah Kelleher Steppling,Sarah,Kelleher Steppling
Donald Thomson,Donald,Thomson
Brian Harnett,Brian,Harnett
Candice Kirkwood Keinrath,Candice,Kirkwood Keinrath
Evan Makovsky,Evan,Makovsky
Kate Bevan Daniel,Kate,Bevan Daniel
Jonathan Portukalian,Jonathan,Portukalian
Danyle Nguyen,Danyle,Nguyen
Anindha Dhar,Anindha,Dhar
Hoda Mansoor,Hoda,Mansoor
Josh Unterbrink,Josh,Unterbrink
Debbie Fowler,Debbie,Fowler
Cyndie Klemm,Cyndie,Klemm
David Kigel,David,Kigel
Elyse James,Elyse,James
Joyce Poling-Blair,Joyce,Poling-Blair
Monica Garcia,Monica,Garcia
Jennifer Eberly,Jennifer,Eberly
Sayda Burgos,Sayda,Burgos
Raghad Hamami,Raghad,Hamami
Judy's Cleaning Service,Judy's,Cleaning Service
Sean Li,Sean,Li
Lifestyle Locker: Living a Human Powered Lifestyle,Lifestyle,Locker: Living a Human Powered Lifestyle
LAMPBitious Podcast,LAMPBitious,Podcast
Ibrahim Salih,Ibrahim,Salih
Stephanie Marie,Stephanie,Marie
Michael Andersen,Michael,Andersen
Patrick Shipley,Patrick,Shipley
Jess Sanchez D'Emic,Jess,Sanchez D'Emic
Will Steadman,Will,Steadman
Roxanne Morales,Roxanne,Morales
Rate Kobertson,Rate,Kobertson
Susan Holl,Susan,Holl
LeAnn Michelle Gorden,LeAnn,Michelle Gorden
Brittany Schultz,Brittany,Schultz
Jonathon Summerhayes,Jonathon,Summerhayes
Mary Stout Hess,Mary,Stout Hess
Francis Josh Dinopol,Francis,Josh Dinopol
Grahame Marks,Grahame,Marks
Rupa Mollika,Rupa,Mollika
Jimbo Paris,Jimbo,Paris
Amy Kaufman Peck,Amy,Kaufman Peck
Jim Sullivan,Jim,Sullivan
Stephanie Kluck,Stephanie,Kluck
Stems Channel,Stems,Channel
Steve Hong,Steve,Hong
Thadd Scott,Thadd,Scott
Whitney Dianne,Whitney,Dianne
Rebekah Sebastian,Rebekah,Sebastian
Carolena Scheidler,Carolena,Scheidler
Dahlia Kelada,Dahlia,Kelada
Amber Cowan-Flammini,Amber,Cowan-Flammini
Tina Tyler Silverman,Tina,Tyler Silverman
Cheryl Lynne,Cheryl,Lynne
Eric Gray,Eric,Gray
Antonios Triantafyllakis,Antonios,Triantafyllakis
Jason Clymo,Jason,Clymo
Kylie Marie,Kylie,Marie
Marie Aspinwall Bencina,Marie,Aspinwall Bencina
Sky Autwell,Sky,Autwell
Amanda Holmes,Amanda,Holmes
Michael Spady,Michael,Spady
Mj Northgrave,Mj,Northgrave
Stacy Graybill Demangone,Stacy,Graybill Demangone
Courtland Gilliland,Courtland,Gilliland
Jessica Nadzam,Jessica,Nadzam
Bridget Brown Hukill,Bridget,Brown Hukill
Leigh Kay,Leigh,Kay
Jessica Bailey Ocello,Jessica,Bailey Ocello
Shannon Corcoran,Shannon,Corcoran
Maria  Sinkova,Maria,Sinkova
Andrei Cristian Florea,Andrei,Cristian Florea
Rain Moody,Rain,Moody
Logan Meadows,Logan,Meadows
Gimbiya Johnson,Gimbiya,Johnson
Wayne Genung,Wayne,Genung
Richard Lyons,Richard,Lyons
CBC Podcasts,CBC,Podcasts
Keith Debono,Keith,Debono
Allison Kreiger Walsh,Allison,Kreiger Walsh
Katrina McKinlay,Katrina,McKinlay
Evelyn Osei-Kuffour,Evelyn,Osei-Kuffour
Stefan Jeffrey,Stefan,Jeffrey
Anne-Laura Hedegaard,Anne-Laura,Hedegaard
Kayla Holmes,Kayla,Holmes
Julie Hopkins,Julie,Hopkins
Daina Hutto Cooley,Daina,Hutto Cooley
Genevieve Abbott,Genevieve,Abbott
Kristen Blessum,Kristen,Blessum
A'marie Jonker,A'marie,Jonker
Ann Peterson,Ann,Peterson
Philippa Donnelly,Philippa,Donnelly
Ellen Buck-Reifenrath,Ellen,Buck-Reifenrath
Jennifer Faye Basterrechea Atela,Jennifer,Faye Basterrechea Atela
Meghan Felts,Meghan,Felts
Atlas Comstock,Atlas,Comstock
Angie Deishl,Angie,Deishl
Cheryl Lynn,Cheryl,Lynn
Stephanie Soha,Stephanie,Soha
Shanna Crookes,Shanna,Crookes
Heather Lee,Heather,Lee
Geneva Hale Adair,Geneva,Hale Adair
Christina Polwarth,Christina,Polwarth
Amy Holt,Amy,Holt
Darlene Gomez,Darlene,Gomez
Sarah Bradham,Sarah,Bradham
Janise Witten,Janise,Witten
Melissa Parker,Melissa,Parker
Cathy Graham,Cathy,Graham
Heather Deacon,Heather,Deacon
Dana Carr Adachi,Dana,Carr Adachi
Tamara Kennedy,Tamara,Kennedy
Tyler Hares,Tyler,Hares
Susan Timbers,Susan,Timbers
Sue Abraham,Sue,Abraham
Micheal Gaxiola,Micheal,Gaxiola
Julie Yeung,Julie,Yeung
Sherry Beck Paprocki,Sherry,Beck Paprocki
Rebecca Groves,Rebecca,Groves
Ankita Chandwani,Ankita,Chandwani
Bindi Goff Wuertenberg,Bindi,Goff Wuertenberg
Fernanda Delgado,Fernanda,Delgado
Azeem Lakdawalla,Azeem,Lakdawalla
Andrea Mansfield,Andrea,Mansfield
Sali Curtis,Sali,Curtis
Michelle Lee,Michelle,Lee
Philip Buys,Philip,Buys
Mirtha Carrero,Mirtha,Carrero
أحمد أسامة,أحمد,أسامة
Susan van der Naald,Susan,van der Naald
Lucy Dearlove,Lucy,Dearlove
Cassie Neff,Cassie,Neff
Martin Seal,Martin,Seal
Shalamar Starr,Shalamar,Starr
Amanda Greenhill,Amanda,Greenhill
Robyn Hughes,Robyn,Hughes
Louise Devlin,Louise,Devlin
Toni Epperson,Toni,Epperson
Cele Norma,Cele,Norma
Meagan Shelly,Meagan,Shelly
Doretta Raymond,Doretta,Raymond
Chasidy Johnson Watts,Chasidy,Johnson Watts
Mary Hafar,Mary,Hafar
Ola Turner,Ola,Turner
Duncan Peard,Duncan,Peard
Deb Keep Gleason,Deb,Keep Gleason
Stacey Fischberg Panzer,Stacey,Fischberg Panzer
Sarah Afshar,Sarah,Afshar
Amanda Leigh,Amanda,Leigh
Denise YP,Denise,YP
Mike Polo,Mike,Polo
World Gone Geek,World,Gone Geek
Paul Grieve,Paul,Grieve
Least of These,Least,of These
Laura A. Ciccone,Laura,A. Ciccone
Taly Matiteyahu,Taly,Matiteyahu
Shaina,Shaina,
Laurent Maisonnave,Laurent,Maisonnave
Brenda Scheidt,Brenda,Scheidt
Vickie Wilson Farnsworth,Vickie,Wilson Farnsworth
Saloni Deshpande,Saloni,Deshpande
Chara Lemley,Chara,Lemley
Adrian Daniels,Adrian,Daniels
Cynthia Gahm,Cynthia,Gahm
Kelly Lebo Wurzler,Kelly,Lebo Wurzler
JT Hosack,JT,Hosack
Ivy League Murders Podcast,Ivy,League Murders Podcast
Anna Johnson,Anna,Johnson
Lora Anne,Lora,Anne
Elizabeth Christensen Nixon,Elizabeth,Christensen Nixon
Linda Bill,Linda,Bill
David Beška,David,Beška
Sharon Fronczak Saunders,Sharon,Fronczak Saunders
Ruba Umar,Ruba,Umar
Donna Regulto,Donna,Regulto
Ane Victoria Johansen,Ane,Victoria Johansen
Maria La Femina,Maria,La Femina
Kara Guitarr,Kara,Guitarr
Cecilia Yue,Cecilia,Yue
Black Women Pharmacists,Black,Women Pharmacists
Aya Az,Aya,Az
Cyndi Davis,Cyndi,Davis
Cristina Căluean,Cristina,Căluean
Jaclyn Raed,Jaclyn,Raed
Diana Hill,Diana,Hill
Catherine Trevelline,Catherine,Trevelline
Elizabeth Maynard,Elizabeth,Maynard
Geeky Retro Nerds Show,Geeky,Retro Nerds Show
Aaron Anderson,Aaron,Anderson
Dani Sisak,Dani,Sisak
Dana Poll,Dana,Poll
Marilette Swart,Marilette,Swart
Amy Allenspach,Amy,Allenspach
Luigi Costanza,Luigi,Costanza
Crime Trials,Crime,Trials
Thomas Young,Thomas,Young
Saar Grin,Saar,Grin
Jon Do,Jon,Do
Athena Thibodeaux,Athena,Thibodeaux
Jose Vargas,Jose,Vargas
Sharia Carrasco Leal,Sharia,Carrasco Leal
Austina Harper,Austina,Harper
Nicola Krendler,Nicola,Krendler
Stephanie Michelle,Stephanie,Michelle
Ben Jeffery,Ben,Jeffery
Bibek Pandey,Bibek,Pandey
Joanne Wooding,Joanne,Wooding
Gina Thornton,Gina,Thornton
Fpp Matt,Fpp,Matt
Robbin Orbison,Robbin,Orbison
Javier Linares,Javier,Linares
Darren Hawk,Darren,Hawk
Robin Garcia,Robin,Garcia
Meliha Hodgson,Meliha,Hodgson
Rey Takahashi,Rey,Takahashi
Amy Dougherty,Amy,Dougherty
Wendy Vaughan,Wendy,Vaughan
JD Scott Adams,JD,Scott Adams
Thet Mon,Thet,Mon
Nola Stanley,Nola,Stanley
Nomin Sendinu,Nomin,Sendinu
Teresa Williams,Teresa,Williams
Sara Gibbons,Sara,Gibbons
Junior Thet Wah Han,Junior,Thet Wah Han
Sue Wassenberg,Sue,Wassenberg
Lala Sh,Lala,Sh
Lindsey Perkins,Lindsey,Perkins
Nairiee Bager,Nairiee,Bager
Cherish Joostberns,Cherish,Joostberns
Akshata Pisharody,Akshata,Pisharody
Samantha Place,Samantha,Place
Justin Barone,Justin,Barone
Kristen McMahon,Kristen,McMahon
Abby Henderson,Abby,Henderson
Kimberlie Burke,Kimberlie,Burke
Brant Tremont,Brant,Tremont
Heather Elizabeth,Heather,Elizabeth
Prabhu Punk,Prabhu,Punk
Brian Price,Brian,Price
Brandy Tedder Cater,Brandy,Tedder Cater
Valerie Mae,Valerie,Mae
Wendy Solorio,Wendy,Solorio
Tish Turner,Tish,Turner
Joyce Elizabeth,Joyce,Elizabeth
Carolyn Lee,Carolyn,Lee
Hamish Read,Hamish,Read
Kristina Cesternino,Kristina,Cesternino
Lucia Grace,Lucia,Grace
Marvin Popyk,Marvin,Popyk
Evan J. Thomas,Evan,J. Thomas
Katie Finn,Katie,Finn
Heather Draft,Heather,Draft
stutter proudly,stutter,proudly
Holly Brown,Holly,Brown
Jun Beau,Jun,Beau
Andrew Wiltshire,Andrew,Wiltshire
Brenda Young,Brenda,Young
Steve Young,Steve,Young
Grace Muteti,Grace,Muteti
My Girlfriendships,My,Girlfriendships
Sonia Juanes Bøckman,Sonia,Juanes Bøckman
Nguyễn Trần Mỹ Trâm,Nguyễn,Trần Mỹ Trâm
Anthony Caiola,Anthony,Caiola
Eloise Danz,Eloise,Danz
Lynn Davis,Lynn,Davis
Naz Nazli,Naz,Nazli
Phuong Nhi,Phuong,Nhi
Karleen McClean,Karleen,McClean